login,firstname,lastname,mail,language,password
luna.blossom,Luna,Blossom,luna.blossom@zehntech.com,en,12345678
daisy.skye,Daisy,Skye,daisy.skye@zehntech.com,en,12345678
autumn.grace,Autumn,Grace,autumn.grace@zehntech.com,en,12345678
willow.belle,Willow,Belle,willow.belle@zehntech.com,en,12345678
harmony.rose,Harmony,Rose,harmony.rose@zehntech.com,en,12345678
summer.rain,Summer,Rain,summer.rain@zehntech.com,en,12345678
violet.ember,Violet,Ember,violet.ember@zehntech.com,en,12345678
celeste.dawn,Celeste,Dawn,celeste.dawn@zehntech.com,en,12345678
serenity.bloom,Serenity,Bloom,serenity.bloom@zehntech.com,en,12345678
nova.starling,Nova,Starling,nova.starling@zehntech.com,en,12345678
aurora.wren,Aurora,Wren,aurora.wren@zehntech.com,en,12345678
ivy.skylark,Ivy,Skylark,ivy.skylark@zehntech.com,en,12345678
luna.meadow,Luna,Meadow,luna.meadow@zehntech.com,en,12345678
sage.willow,Sage,Willow,sage.willow@zehntech.com,en,12345678
marigold.rayne,Marigold,Rayne,marigold.rayne@zehntech.com,en,12345678
ember.lilac,Ember,Lilac,ember.lilac@zehntech.com,en,12345678
opal.sparrow,Opal,Sparrow,opal.sparrow@zehntech.com,en,12345678
briar.sunset,Briar,Sunset,briar.sunset@zehntech.com,en,12345678
selene.frost,Selene,Frost,selene.frost@zehntech.com,en,12345678
isla.moon,Isla,Moon,isla.moon@zehntech.com,en,12345678
